<?xml version="1.0"?>
<!DOCTYPE hibernate-mapping PUBLIC "-//Hibernate/Hibernate Mapping DTD 3.0//EN"
"http://hibernate.sourceforge.net/hibernate-mapping-3.0.dtd">
<!-- Generated Mar 16, 2013 12:03:45 PM by Hibernate Tools 3.3.0.GA -->
<hibernate-mapping>
    <class name="com.bloodbank.model.AccountDetail" table="account_detail" catalog="blood_bank_new">
        <id name="accountId" type="java.lang.Integer">
            <column name="account_id" />
            <generator class="identity" />
        </id>
        <many-to-one name="userDetail" class="com.bloodbank.model.UserDetail" lazy="false" cascade="all" fetch="select">
            <column name="user_id" />
        </many-to-one>
        <many-to-one name="staffDetail" class="com.bloodbank.model.StaffDetail" lazy="false" cascade="all"  fetch="select">
            <column name="staff_id" />
        </many-to-one>
        <property name="login" type="string">
            <column name="login" length="50" />
        </property>
        <property name="password" type="string">
            <column name="password" length="50" />
        </property>
        <property name="emailId" type="string">
            <column name="email_id" length="100" />
        </property>
        <property name="userType" type="string">
            <column name="user_type" length="20" />
        </property>
    </class>
</hibernate-mapping>
