<?xml version="1.0"?>
<!DOCTYPE hibernate-mapping PUBLIC "-//Hibernate/Hibernate Mapping DTD 3.0//EN"
"http://hibernate.sourceforge.net/hibernate-mapping-3.0.dtd">
<!-- Generated Mar 16, 2013 12:03:45 PM by Hibernate Tools 3.3.0.GA -->
<hibernate-mapping>
    <class name="com.bloodbank.model.CommentDetail" table="comment_detail" catalog="blood_bank_new">
        <id name="commentId" type="java.lang.Integer">
            <column name="comment_id" />
            <generator class="identity" />
        </id>
        <many-to-one name="userDetail" class="com.bloodbank.model.UserDetail" fetch="select">
            <column name="user_id" not-null="true" />
        </many-to-one>
        <many-to-one name="eventDetail" class="com.bloodbank.model.EventDetail" fetch="select">
            <column name="event_id" not-null="true" />
        </many-to-one>
        <property name="commentDetail" type="string">
            <column name="comment_detail" length="200" not-null="true" />
        </property>
        <property name="commentDate" type="timestamp">
            <column name="comment_date" length="19" not-null="true" />
        </property>
        <property name="commentTime" type="string">
            <column name="comment_time" length="45" not-null="true" />
        </property>
    </class>
</hibernate-mapping>
