<?xml version="1.0"?>
<!DOCTYPE hibernate-mapping PUBLIC "-//Hibernate/Hibernate Mapping DTD 3.0//EN"
"http://hibernate.sourceforge.net/hibernate-mapping-3.0.dtd">
<!-- Generated Mar 16, 2013 12:03:45 PM by Hibernate Tools 3.3.0.GA -->
<hibernate-mapping>
    <class name="com.bloodbank.model.EventStaffDetail" table="event_staff_detail" catalog="blood_bank_new">
        <composite-id name="id" class="com.bloodbank.model.EventStaffDetailId">
            <key-property name="eventId" type="java.lang.Integer">
                <column name="event_id" />
            </key-property>
            <key-property name="staffId" type="java.lang.Integer">
                <column name="staff_id" />
            </key-property>
        </composite-id>
        <many-to-one name="staffDetail" class="com.bloodbank.model.StaffDetail" update="false" cascade="all" insert="false" fetch="select">
            <column name="staff_id" />
        </many-to-one>
        <many-to-one name="eventDetail" class="com.bloodbank.model.EventDetail" update="false" cascade="all" insert="false" fetch="select">
            <column name="event_id" />
        </many-to-one>
    </class>
</hibernate-mapping>
