<?xml version="1.0"?>
<!DOCTYPE hibernate-mapping PUBLIC "-//Hibernate/Hibernate Mapping DTD 3.0//EN"
"http://hibernate.sourceforge.net/hibernate-mapping-3.0.dtd">
<!-- Generated Mar 16, 2013 12:03:45 PM by Hibernate Tools 3.3.0.GA -->
<hibernate-mapping>
    <class name="com.bloodbank.model.PatientDetail" table="patient_detail" catalog="blood_bank_new">
        <id name="patientId" type="java.lang.Integer">
            <column name="patient_id" />
            <generator class="identity" />
        </id>
        <many-to-one name="donorDetail" class="com.bloodbank.model.DonorDetail" cascade="all" lazy="false" fetch="select">
            <column name="donor_id" />
        </many-to-one>
        <many-to-one name="contactDetail" class="com.bloodbank.model.ContactDetail" cascade="all" lazy="false" fetch="select">
            <column name="contact_id" />
        </many-to-one>
        <property name="doctorDetails" type="string">
            <column name="doctor_details" length="300" />
        </property>
        <property name="hospitalDetails" type="string">
            <column name="hospital_details" length="300" />
        </property>
        <property name="isSpecialDonor" type="string">
            <column name="is_special_donor" length="45" />
        </property>
        <property name="purchaseDate" type="timestamp">
            <column name="purchase_date" length="19" />
        </property>
        <set name="issueDetails" table="issue_detail" inverse="true" lazy="true" cascade="all" fetch="select">
            <key>
                <column name="patient_id" />
            </key>
            <one-to-many class="com.bloodbank.model.IssueDetail" />
        </set>
    </class>
</hibernate-mapping>
