<?xml version="1.0"?>
<!DOCTYPE hibernate-mapping PUBLIC "-//Hibernate/Hibernate Mapping DTD 3.0//EN"
"http://hibernate.sourceforge.net/hibernate-mapping-3.0.dtd">
<!-- Generated Mar 16, 2013 12:03:45 PM by Hibernate Tools 3.3.0.GA -->
<hibernate-mapping>
    <class name="com.bloodbank.model.StaffDetail" table="staff_detail" catalog="blood_bank_new">
        <id name="staffId" type="java.lang.Integer">
            <column name="staff_id" />
            <generator class="identity" />
        </id>
        <many-to-one name="contactDetail" class="com.bloodbank.model.ContactDetail" lazy="false" cascade="all" fetch="select">
            <column name="contact_id" />
        </many-to-one>
        <property name="joiningDate" type="string">
            <column name="joining_date" length="30" />
        </property>
        <property name="qualification" type="string">
            <column name="qualification" length="45" />
        </property>
        <property name="post" type="string">
            <column name="post" length="45" />
        </property>
        <set name="eventStaffDetails" table="event_staff_detail" inverse="true" cascade="all" lazy="true" fetch="select">
            <key>
                <column name="staff_id" />
            </key>
            <one-to-many class="com.bloodbank.model.EventStaffDetail" />
        </set>
        
        <set name="accountDetails" table="account_detail" inverse="true" cascade="all" lazy="true" fetch="select">
            <key>
                <column name="staff_id" />
            </key>
            <one-to-many class="com.bloodbank.model.AccountDetail" />
        </set>
    </class>
</hibernate-mapping>
