<?xml version="1.0"?>
<!DOCTYPE hibernate-mapping PUBLIC "-//Hibernate/Hibernate Mapping DTD 3.0//EN"
"http://hibernate.sourceforge.net/hibernate-mapping-3.0.dtd">
<!-- Generated Mar 16, 2013 12:03:45 PM by Hibernate Tools 3.3.0.GA -->
<hibernate-mapping>
    <class name="com.bloodbank.model.TestDetail" table="test_detail" catalog="blood_bank_new">
        <id name="testId" type="java.lang.Integer">
            <column name="test_id" />
            <generator class="identity" />
        </id>
        <many-to-one name="bloodBottleDetail" class="com.bloodbank.model.BloodBottleDetail" lazy="false" cascade="all" fetch="select">
            <column name="bottle_id" />
        </many-to-one>
        <property name="testName" type="string">
            <column name="test_name" length="100" />
        </property>
        <property name="testMethod" type="string">
            <column name="test_method" length="100" />
        </property>
        <property name="result" type="string">
            <column name="result" length="100" />
        </property>
    </class>
</hibernate-mapping>
